class,class_macro_1,class_macro_2,class_macro_3
L6,Primitive meteorites,Chondrites,Ordinary Chondrite
H5,Primitive meteorites,Chondrites,Ordinary Chondrite
L5,Primitive meteorites,Chondrites,Ordinary Chondrite
H6,Primitive meteorites,Chondrites,Ordinary Chondrite
H4,Primitive meteorites,Chondrites,Ordinary Chondrite
LL5,Primitive meteorites,Chondrites,Ordinary Chondrite
LL6,Primitive meteorites,Chondrites,Ordinary Chondrite
L4,Primitive meteorites,Chondrites,Ordinary Chondrite
H4/5,Primitive meteorites,Chondrites,Ordinary Chondrite
CM2,Primitive meteorites,Chondrites,Carbonaceous Chondrite
H3,Primitive meteorites,Chondrites,Ordinary Chondrite
L3,Primitive meteorites,Chondrites,Ordinary Chondrite
CO3,Primitive meteorites,Chondrites,Carbonaceous Chondrite
Ureilite,Differentiated meteorites,Achondrites,Asteroidal Achondrites
"Iron, IIIAB",Differentiated meteorites,Iron meteorites,Magmatic Iron Meteorite Groups
LL4,Primitive meteorites,Chondrites,Ordinary Chondrite
CV3,Primitive meteorites,Chondrites,Carbonaceous Chondrite
Diogenite,Differentiated meteorites,Achondrites,Asteroidal Achondrites
Howardite,Differentiated meteorites,Achondrites,Asteroidal Achondrites
LL,Primitive meteorites,Chondrites,Ordinary Chondrite
Eucrite,Differentiated meteorites,Achondrites,Asteroidal Achondrites
Eucrite-pmict,Differentiated meteorites,Achondrites,Asteroidal Achondrites
E3,Primitive meteorites,Chondrites,Enstatite Chondrite
H5/6,Primitive meteorites,Chondrites,Ordinary Chondrite
Mesosiderite,Differentiated meteorites,Stony-iron meteorites,Mesosiderite Group
CR2,Primitive meteorites,Chondrites,Carbonaceous Chondrite
LL3,Primitive meteorites,Chondrites,Ordinary Chondrite
EH3,Primitive meteorites,Chondrites,Enstatite Chondrite
"Iron, IIAB",Differentiated meteorites,Iron meteorites,Magmatic Iron Meteorite Groups
"Iron, ungrouped",Unknown,Unknown,Unknown
H~5,Primitive meteorites,Chondrites,Ordinary Chondrite
L5/6,Primitive meteorites,Chondrites,Ordinary Chondrite
Eucrite-mmict,Differentiated meteorites,Achondrites,Asteroidal Achondrites
Martian (shergottite),Differentiated meteorites,Achondrites,Martian
Iron,Unknown,Unknown,Unknown
CK5,Primitive meteorites,Chondrites,Carbonaceous Chondrite
L~6,Primitive meteorites,Chondrites,Ordinary Chondrite
L3.5,Primitive meteorites,Chondrites,Ordinary Chondrite
"Iron, IAB-MG",Differentiated meteorites,Iron meteorites,Non-magmatic or Primitive Iron Meteorite Groups
H,Primitive meteorites,Chondrites,Ordinary Chondrite
Eucrite-br,Differentiated meteorites,Achondrites,Asteroidal Achondrites
OC,Primitive meteorites,Chondrites,Ordinary Chondrite
H3.8,Primitive meteorites,Chondrites,Ordinary Chondrite
H3.7,Primitive meteorites,Chondrites,Ordinary Chondrite
CK4,Primitive meteorites,Chondrites,Carbonaceous Chondrite
EL6,Primitive meteorites,Chondrites,Enstatite Chondrite
"Iron, IVA",Differentiated meteorites,Iron meteorites,Magmatic Iron Meteorite Groups
Lunar (anorth),Differentiated meteorites,Achondrites,Lunar
H4-6,Primitive meteorites,Chondrites,Ordinary Chondrite
L3.8,Primitive meteorites,Chondrites,Ordinary Chondrite
Relict OC,Primitive meteorites,Chondrites,Ordinary Chondrite
Aubrite,Differentiated meteorites,Achondrites,Asteroidal Achondrites
H5-6,Primitive meteorites,Chondrites,Ordinary Chondrite
L4/5,Primitive meteorites,Chondrites,Ordinary Chondrite
Achondrite-ung,Unknown,Unknown,Unknown
"Iron, IAB complex",Differentiated meteorites,Iron meteorites,Non-magmatic or Primitive Iron Meteorite Groups
Acapulcoite,Differentiated meteorites,Achondrites,Primitive Achondrites
LL-melt breccia,Primitive meteorites,Chondrites,Ordinary Chondrite
L3.4,Primitive meteorites,Chondrites,Ordinary Chondrite
Stone-uncl,Unknown,Unknown,Unknown
L,Primitive meteorites,Chondrites,Ordinary Chondrite
L3.7,Primitive meteorites,Chondrites,Ordinary Chondrite
LL5/6,Primitive meteorites,Chondrites,Ordinary Chondrite
L3.6,Primitive meteorites,Chondrites,Ordinary Chondrite
H4-5,Primitive meteorites,Chondrites,Ordinary Chondrite
"Iron, IAB-ung",Differentiated meteorites,Iron meteorites,Non-magmatic or Primitive Iron Meteorite Groups
H3-6,Primitive meteorites,Chondrites,Ordinary Chondrite
H3.9,Primitive meteorites,Chondrites,Ordinary Chondrite
H3.6,Primitive meteorites,Chondrites,Ordinary Chondrite
R4,Primitive meteorites,Chondrites,Other Chondrite Groups (not in one of the major classes)
L5-6,Primitive meteorites,Chondrites,Ordinary Chondrite
Lunar,Differentiated meteorites,Achondrites,Lunar
Lodranite,Differentiated meteorites,Achondrites,Primitive Achondrites
LL5-6,Primitive meteorites,Chondrites,Ordinary Chondrite
H3-5,Primitive meteorites,Chondrites,Ordinary Chondrite
"Pallasite, PMG",Differentiated meteorites,Stony-iron meteorites,Pallasites
Pallasite,Differentiated meteorites,Stony-iron meteorites,Pallasites
H3/4,Primitive meteorites,Chondrites,Ordinary Chondrite
LL4-6,Primitive meteorites,Chondrites,Ordinary Chondrite
Brachinite,Differentiated meteorites,Achondrites,Asteroidal Achondrites
L4-6,Primitive meteorites,Chondrites,Ordinary Chondrite
L3-6,Primitive meteorites,Chondrites,Ordinary Chondrite
L~5,Primitive meteorites,Chondrites,Ordinary Chondrite
Eucrite-unbr,Differentiated meteorites,Achondrites,Asteroidal Achondrites
"Iron, IAB-sLL",Differentiated meteorites,Iron meteorites,Non-magmatic or Primitive Iron Meteorite Groups
LL3.8,Primitive meteorites,Chondrites,Ordinary Chondrite
Lunar (feldsp. breccia),Differentiated meteorites,Achondrites,Lunar
L3.9,Primitive meteorites,Chondrites,Ordinary Chondrite
LL3.7,Primitive meteorites,Chondrites,Ordinary Chondrite
L/LL3,Primitive meteorites,Chondrites,Ordinary Chondrite
Eucrite-cm,Differentiated meteorites,Achondrites,Asteroidal Achondrites
L/LL6,Primitive meteorites,Chondrites,Ordinary Chondrite
L-imp melt,Primitive meteorites,Chondrites,Ordinary Chondrite
Winonaite,Differentiated meteorites,Achondrites,Primitive Achondrites
L4-5,Primitive meteorites,Chondrites,Ordinary Chondrite
Ureilite-pmict,Differentiated meteorites,Achondrites,Asteroidal Achondrites
H~6,Primitive meteorites,Chondrites,Ordinary Chondrite
LL7,Primitive meteorites,Chondrites,Ordinary Chondrite
L-melt rock,Primitive meteorites,Chondrites,Ordinary Chondrite
Angrite,Differentiated meteorites,Achondrites,Asteroidal Achondrites
L7,Primitive meteorites,Chondrites,Ordinary Chondrite
CH3,Primitive meteorites,Chondrites,Carbonaceous Chondrite
L/LL4,Primitive meteorites,Chondrites,Ordinary Chondrite
R5,Primitive meteorites,Chondrites,Other Chondrite Groups (not in one of the major classes)
LL3.4,Primitive meteorites,Chondrites,Ordinary Chondrite
EL3,Primitive meteorites,Chondrites,Enstatite Chondrite
CM1,Primitive meteorites,Chondrites,Carbonaceous Chondrite
"Iron, IID",Differentiated meteorites,Iron meteorites,Magmatic Iron Meteorite Groups
H~4,Primitive meteorites,Chondrites,Ordinary Chondrite
H3.5,Primitive meteorites,Chondrites,Ordinary Chondrite
EH4,Primitive meteorites,Chondrites,Enstatite Chondrite
CM1/2,Primitive meteorites,Chondrites,Carbonaceous Chondrite
L3.3,Primitive meteorites,Chondrites,Ordinary Chondrite
LL3.6,Primitive meteorites,Chondrites,Ordinary Chondrite
"Iron, IAB-sHL",Differentiated meteorites,Iron meteorites,Non-magmatic or Primitive Iron Meteorite Groups
LL3.5,Primitive meteorites,Chondrites,Ordinary Chondrite
CK6,Primitive meteorites,Chondrites,Carbonaceous Chondrite
LL3.9,Primitive meteorites,Chondrites,Ordinary Chondrite
H3.4,Primitive meteorites,Chondrites,Ordinary Chondrite
Lunar (basalt),Differentiated meteorites,Achondrites,Lunar
L/LL5,Primitive meteorites,Chondrites,Ordinary Chondrite
R3,Primitive meteorites,Chondrites,Other Chondrite Groups (not in one of the major classes)
Chondrite-ung,Unknown,Unknown,Unknown
L3.2,Primitive meteorites,Chondrites,Ordinary Chondrite
LL3.3,Primitive meteorites,Chondrites,Ordinary Chondrite
"Iron, IIIE",Differentiated meteorites,Iron meteorites,Magmatic Iron Meteorite Groups
"Iron, IVB",Differentiated meteorites,Iron meteorites,Magmatic Iron Meteorite Groups
LL3.2,Primitive meteorites,Chondrites,Ordinary Chondrite
C2-ung,Primitive meteorites,Chondrites,Carbonaceous Chondrite
Martian (nakhlite),Differentiated meteorites,Achondrites,Martian
L-melt breccia,Primitive meteorites,Chondrites,Ordinary Chondrite
"Iron, IIE",Differentiated meteorites,Iron meteorites,Non-magmatic or Primitive Iron Meteorite Groups
L3-5,Primitive meteorites,Chondrites,Ordinary Chondrite
H/L4,Primitive meteorites,Chondrites,Ordinary Chondrite
EL4,Primitive meteorites,Chondrites,Enstatite Chondrite
CK3,Primitive meteorites,Chondrites,Carbonaceous Chondrite
L3.1,Primitive meteorites,Chondrites,Ordinary Chondrite
C3-ung,Primitive meteorites,Chondrites,Carbonaceous Chondrite
H7,Primitive meteorites,Chondrites,Ordinary Chondrite
L3/4,Primitive meteorites,Chondrites,Ordinary Chondrite
CK4/5,Primitive meteorites,Chondrites,Carbonaceous Chondrite
CO3.5,Primitive meteorites,Chondrites,Carbonaceous Chondrite
"Pallasite, PMG-an",Differentiated meteorites,Stony-iron meteorites,Pallasites
H/L6,Primitive meteorites,Chondrites,Ordinary Chondrite
H-imp melt,Primitive meteorites,Chondrites,Ordinary Chondrite
Diogenite-pm,Differentiated meteorites,Achondrites,Asteroidal Achondrites
"Iron, IC",Differentiated meteorites,Iron meteorites,Magmatic Iron Meteorite Groups
"Iron, IAB-sLM",Differentiated meteorites,Iron meteorites,Non-magmatic or Primitive Iron Meteorite Groups
H3-4,Primitive meteorites,Chondrites,Ordinary Chondrite
LL4-5,Primitive meteorites,Chondrites,Ordinary Chondrite
R3-6,Primitive meteorites,Chondrites,Other Chondrite Groups (not in one of the major classes)
L6-melt breccia,Primitive meteorites,Chondrites,Ordinary Chondrite
H4-an,Primitive meteorites,Chondrites,Ordinary Chondrite
L~4,Primitive meteorites,Chondrites,Ordinary Chondrite
Diogenite-olivine,Differentiated meteorites,Achondrites,Asteroidal Achondrites
LL~5,Primitive meteorites,Chondrites,Ordinary Chondrite
LL3-6,Primitive meteorites,Chondrites,Ordinary Chondrite
CI1,Primitive meteorites,Chondrites,Carbonaceous Chondrite
E6,Primitive meteorites,Chondrites,Enstatite Chondrite
L3.8-6,Primitive meteorites,Chondrites,Ordinary Chondrite
"Iron, IAB-sLH",Differentiated meteorites,Iron meteorites,Non-magmatic or Primitive Iron Meteorite Groups
L6/7,Primitive meteorites,Chondrites,Ordinary Chondrite
"Iron, IIIF",Differentiated meteorites,Iron meteorites,Magmatic Iron Meteorite Groups
Achondrite-prim,Differentiated meteorites,Achondrites,Primitive Achondrites
EH4/5,Primitive meteorites,Chondrites,Enstatite Chondrite
R3.8,Primitive meteorites,Chondrites,Other Chondrite Groups (not in one of the major classes)
R6,Primitive meteorites,Chondrites,Other Chondrite Groups (not in one of the major classes)
CR,Primitive meteorites,Chondrites,Carbonaceous Chondrite
CO3.2,Primitive meteorites,Chondrites,Carbonaceous Chondrite
"Iron, IIC",Differentiated meteorites,Iron meteorites,Magmatic Iron Meteorite Groups
CB,Primitive meteorites,Chondrites,Carbonaceous Chondrite
H-melt rock,Primitive meteorites,Chondrites,Ordinary Chondrite
C,Primitive meteorites,Chondrites,Carbonaceous Chondrite
OC3,Primitive meteorites,Chondrites,Ordinary Chondrite
H3.3,Primitive meteorites,Chondrites,Ordinary Chondrite
"Iron, IIE-an",Differentiated meteorites,Iron meteorites,Non-magmatic or Primitive Iron Meteorite Groups
CO3.6,Primitive meteorites,Chondrites,Carbonaceous Chondrite
CO3.3,Primitive meteorites,Chondrites,Carbonaceous Chondrite
H/L5,Primitive meteorites,Chondrites,Ordinary Chondrite
E,Primitive meteorites,Chondrites,Enstatite Chondrite
Mesosiderite-C,Differentiated meteorites,Stony-iron meteorites,Mesosiderite Group
LL-melt rock,Primitive meteorites,Chondrites,Ordinary Chondrite
LL(L)3,Primitive meteorites,Chondrites,Ordinary Chondrite
Unknown,Unknown,Unknown,Unknown
"Iron, IVA-an",Differentiated meteorites,Iron meteorites,Magmatic Iron Meteorite Groups
LL3.1,Primitive meteorites,Chondrites,Ordinary Chondrite
"Iron, IIF",Differentiated meteorites,Iron meteorites,Magmatic Iron Meteorite Groups
"Iron, IIG",Differentiated meteorites,Iron meteorites,Magmatic Iron Meteorite Groups
Acapulcoite/Lodranite,Differentiated meteorites,Achondrites,Primitive Achondrites
R3-5,Primitive meteorites,Chondrites,Other Chondrite Groups (not in one of the major classes)
CO3.1,Primitive meteorites,Chondrites,Carbonaceous Chondrite
CK5/6,Primitive meteorites,Chondrites,Carbonaceous Chondrite
H-metal,Primitive meteorites,Chondrites,Ordinary Chondrite
H/L3,Primitive meteorites,Chondrites,Ordinary Chondrite
Lunar (gabbro),Differentiated meteorites,Achondrites,Lunar
Aubrite-an,Differentiated meteorites,Achondrites,Asteroidal Achondrites
EL5,Primitive meteorites,Chondrites,Enstatite Chondrite
Mesosiderite-A1,Differentiated meteorites,Stony-iron meteorites,Mesosiderite Group
EH5,Primitive meteorites,Chondrites,Enstatite Chondrite
E3-an,Unknown,Unknown,Unknown
H4/6,Primitive meteorites,Chondrites,Ordinary Chondrite
EH-imp melt,Primitive meteorites,Chondrites,Enstatite Chondrite
Mesosiderite-an,Differentiated meteorites,Stony-iron meteorites,Mesosiderite Group
EH6,Primitive meteorites,Chondrites,Enstatite Chondrite
CBb,Primitive meteorites,Chondrites,Carbonaceous Chondrite
LL~6,Primitive meteorites,Chondrites,Ordinary Chondrite
CO3.4,Primitive meteorites,Chondrites,Carbonaceous Chondrite
L(LL)3,Primitive meteorites,Chondrites,Ordinary Chondrite
H3.9/4,Primitive meteorites,Chondrites,Ordinary Chondrite
LL4/5,Primitive meteorites,Chondrites,Ordinary Chondrite
CBa,Primitive meteorites,Chondrites,Carbonaceous Chondrite
L/LL5/6,Primitive meteorites,Chondrites,Ordinary Chondrite
E5,Primitive meteorites,Chondrites,Enstatite Chondrite
"Pallasite, ungrouped",Differentiated meteorites,Stony-iron meteorites,Pallasites
L-metal,Primitive meteorites,Chondrites,Ordinary Chondrite
E-an,Unknown,Unknown,Unknown
"Iron, IAB-sHH",Differentiated meteorites,Iron meteorites,Non-magmatic or Primitive Iron Meteorite Groups
Mesosiderite-B2,Differentiated meteorites,Stony-iron meteorites,Mesosiderite Group
Mesosiderite-B,Differentiated meteorites,Stony-iron meteorites,Mesosiderite Group
H-melt breccia,Primitive meteorites,Chondrites,Ordinary Chondrite
"Pallasite, PES",Differentiated meteorites,Stony-iron meteorites,Pallasites
Chondrite-fusion crust,Unknown,Unknown,Unknown
CO3.0,Primitive meteorites,Chondrites,Carbonaceous Chondrite
Fusion crust,Unknown,Unknown,Unknown
H3.9-6,Primitive meteorites,Chondrites,Ordinary Chondrite
LL6/7,Primitive meteorites,Chondrites,Ordinary Chondrite
H-an,Primitive meteorites,Chondrites,Ordinary Chondrite
L/LL3.4,Primitive meteorites,Chondrites,Ordinary Chondrite
H5-melt breccia,Primitive meteorites,Chondrites,Ordinary Chondrite
R3.9,Primitive meteorites,Chondrites,Other Chondrite Groups (not in one of the major classes)
CM,Primitive meteorites,Chondrites,Carbonaceous Chondrite
Mesosiderite-B1,Differentiated meteorites,Stony-iron meteorites,Mesosiderite Group
L3-4,Primitive meteorites,Chondrites,Ordinary Chondrite
R3.8-6,Primitive meteorites,Chondrites,Other Chondrite Groups (not in one of the major classes)
"Iron, IIIAB?",Differentiated meteorites,Iron meteorites,Magmatic Iron Meteorite Groups
Ureilite-an,Differentiated meteorites,Achondrites,Asteroidal Achondrites
"Iron, IAB?",Differentiated meteorites,Iron meteorites,Non-magmatic or Primitive Iron Meteorite Groups
E4,Primitive meteorites,Chondrites,Enstatite Chondrite
CV3-an,Primitive meteorites,Chondrites,Carbonaceous Chondrite
Eucrite-Mg rich,Differentiated meteorites,Achondrites,Asteroidal Achondrites
LL3.0,Primitive meteorites,Chondrites,Ordinary Chondrite
C4-ung,Primitive meteorites,Chondrites,Carbonaceous Chondrite
L/LL~6,Primitive meteorites,Chondrites,Ordinary Chondrite
Diogenite-an,Differentiated meteorites,Achondrites,Asteroidal Achondrites
LL~3,Primitive meteorites,Chondrites,Ordinary Chondrite
L/LL3-5,Primitive meteorites,Chondrites,Ordinary Chondrite
R,Primitive meteorites,Chondrites,Other Chondrite Groups (not in one of the major classes)
L5-melt breccia,Primitive meteorites,Chondrites,Ordinary Chondrite
CK4-an,Primitive meteorites,Chondrites,Carbonaceous Chondrite
CK,Primitive meteorites,Chondrites,Carbonaceous Chondrite
LL3.10,Primitive meteorites,Chondrites,Ordinary Chondrite
Enst achon-ung,Unknown,Unknown,Unknown
Acapulcoite/lodranite,Differentiated meteorites,Achondrites,Primitive Achondrites
Enst achon,Unknown,Unknown,Unknown
LL3.8-6,Primitive meteorites,Chondrites,Ordinary Chondrite
"Iron, IIIAB-an",Differentiated meteorites,Iron meteorites,Magmatic Iron Meteorite Groups
Eucrite-an,Differentiated meteorites,Achondrites,Asteroidal Achondrites
Mesosiderite-A3,Differentiated meteorites,Stony-iron meteorites,Mesosiderite Group
Mesosiderite-A4,Differentiated meteorites,Stony-iron meteorites,Mesosiderite Group
CO3.8,Primitive meteorites,Chondrites,Carbonaceous Chondrite
Mesosiderite-A2,Differentiated meteorites,Stony-iron meteorites,Mesosiderite Group
H3.2-an,Primitive meteorites,Chondrites,Ordinary Chondrite
H6-melt breccia,Primitive meteorites,Chondrites,Ordinary Chondrite
H~4/5,Primitive meteorites,Chondrites,Ordinary Chondrite
"Iron, IAB-an",Differentiated meteorites,Iron meteorites,Non-magmatic or Primitive Iron Meteorite Groups
Mesosiderite-B4,Differentiated meteorites,Stony-iron meteorites,Mesosiderite Group
CK3-an,Primitive meteorites,Chondrites,Carbonaceous Chondrite
R3.6,Primitive meteorites,Chondrites,Other Chondrite Groups (not in one of the major classes)
H3.0,Primitive meteorites,Chondrites,Ordinary Chondrite
LL3.15,Primitive meteorites,Chondrites,Ordinary Chondrite
LL6-melt breccia,Primitive meteorites,Chondrites,Ordinary Chondrite
EL6/7,Primitive meteorites,Chondrites,Enstatite Chondrite
C6,Primitive meteorites,Chondrites,Carbonaceous Chondrite
CM-an,Primitive meteorites,Chondrites,Carbonaceous Chondrite
L3.8-5,Primitive meteorites,Chondrites,Ordinary Chondrite
H3.8/4,Primitive meteorites,Chondrites,Ordinary Chondrite
LL3-5,Primitive meteorites,Chondrites,Ordinary Chondrite
H(5?),Primitive meteorites,Chondrites,Ordinary Chondrite
L3.9-6,Primitive meteorites,Chondrites,Ordinary Chondrite
H3.8-6,Primitive meteorites,Chondrites,Ordinary Chondrite
LL-imp melt,Primitive meteorites,Chondrites,Ordinary Chondrite
H(L)3,Primitive meteorites,Chondrites,Ordinary Chondrite
EL-melt rock,Primitive meteorites,Chondrites,Enstatite Chondrite
H3.9-5,Primitive meteorites,Chondrites,Ordinary Chondrite
Mesosiderite-C2,Differentiated meteorites,Stony-iron meteorites,Mesosiderite Group
L3.0,Primitive meteorites,Chondrites,Ordinary Chondrite
H3.8-an,Primitive meteorites,Chondrites,Ordinary Chondrite
L/LL3.2,Primitive meteorites,Chondrites,Ordinary Chondrite
H3.10,Primitive meteorites,Chondrites,Ordinary Chondrite
H5-an,Primitive meteorites,Chondrites,Ordinary Chondrite
H6/7,Primitive meteorites,Chondrites,Ordinary Chondrite
H3.1,Primitive meteorites,Chondrites,Ordinary Chondrite
Iron?,Unknown,Unknown,Unknown
K3,Primitive meteorites,Chondrites,Other Chondrite Groups (not in one of the major classes)
L(?)3,Primitive meteorites,Chondrites,Ordinary Chondrite
H3.6-6,Primitive meteorites,Chondrites,Ordinary Chondrite
H3.7-5,Primitive meteorites,Chondrites,Ordinary Chondrite
Mesosiderite-A,Differentiated meteorites,Stony-iron meteorites,Mesosiderite Group
Martian (basaltic breccia),Differentiated meteorites,Achondrites,Martian
R3.7,Primitive meteorites,Chondrites,Other Chondrite Groups (not in one of the major classes)
Martian (chassignite),Differentiated meteorites,Achondrites,Martian
H3.05,Primitive meteorites,Chondrites,Ordinary Chondrite
H?,Primitive meteorites,Chondrites,Ordinary Chondrite
L/LL~5,Primitive meteorites,Chondrites,Ordinary Chondrite
H3.2,Primitive meteorites,Chondrites,Ordinary Chondrite
C4,Primitive meteorites,Chondrites,Carbonaceous Chondrite
CR1,Primitive meteorites,Chondrites,Carbonaceous Chondrite
EH,Primitive meteorites,Chondrites,Enstatite Chondrite
R3/4,Primitive meteorites,Chondrites,Other Chondrite Groups (not in one of the major classes)
"Iron, IC-an",Differentiated meteorites,Iron meteorites,Magmatic Iron Meteorite Groups
L3.05,Primitive meteorites,Chondrites,Ordinary Chondrite
L(LL)3.05,Primitive meteorites,Chondrites,Ordinary Chondrite
Lunar (bas. breccia),Differentiated meteorites,Achondrites,Lunar
"Iron, IID-an",Differentiated meteorites,Iron meteorites,Magmatic Iron Meteorite Groups
Lunar (bas/anor),Differentiated meteorites,Achondrites,Lunar
LL3.7-6,Primitive meteorites,Chondrites,Ordinary Chondrite
LL3.8-4,Primitive meteorites,Chondrites,Ordinary Chondrite
Mesosiderite?,Differentiated meteorites,Stony-iron meteorites,Mesosiderite Group
R3-4,Primitive meteorites,Chondrites,Other Chondrite Groups (not in one of the major classes)
Stone-ung,Unknown,Unknown,Unknown
LL3.9/4,Primitive meteorites,Chondrites,Ordinary Chondrite
R3.5-4,Primitive meteorites,Chondrites,Other Chondrite Groups (not in one of the major classes)
R3.5-6,Primitive meteorites,Chondrites,Other Chondrite Groups (not in one of the major classes)
C2,Primitive meteorites,Chondrites,Carbonaceous Chondrite
R3.4,Primitive meteorites,Chondrites,Other Chondrite Groups (not in one of the major classes)
Mesosiderite-A3/4,Differentiated meteorites,Stony-iron meteorites,Mesosiderite Group
R4/5,Primitive meteorites,Chondrites,Other Chondrite Groups (not in one of the major classes)
LL3/4,Primitive meteorites,Chondrites,Ordinary Chondrite
Pallasite?,Differentiated meteorites,Stony-iron meteorites,Pallasites
Lodranite-an,Differentiated meteorites,Achondrites,Primitive Achondrites
LL~4/5,Primitive meteorites,Chondrites,Ordinary Chondrite
LL~4,Primitive meteorites,Chondrites,Ordinary Chondrite
LL<3.5,Primitive meteorites,Chondrites,Ordinary Chondrite
LL7(?),Primitive meteorites,Chondrites,Ordinary Chondrite
Relict H,Primitive meteorites,Chondrites,Ordinary Chondrite
LL6-an,Primitive meteorites,Chondrites,Ordinary Chondrite
LL6(?),Primitive meteorites,Chondrites,Ordinary Chondrite
C5/6-ung,Primitive meteorites,Chondrites,Carbonaceous Chondrite
Lunar (bas/gab brec),Differentiated meteorites,Achondrites,Lunar
C1-ung,Primitive meteorites,Chondrites,Carbonaceous Chondrite
LL5-7,Primitive meteorites,Chondrites,Ordinary Chondrite
CH/CBb,Primitive meteorites,Chondrites,Carbonaceous Chondrite
C3/4-ung,Primitive meteorites,Chondrites,Carbonaceous Chondrite
C1/2-ung,Primitive meteorites,Chondrites,Carbonaceous Chondrite
Lunar (norite),Differentiated meteorites,Achondrites,Lunar
L~3,Primitive meteorites,Chondrites,Ordinary Chondrite
R3.8-5,Primitive meteorites,Chondrites,Other Chondrite Groups (not in one of the major classes)
L~4-6,Primitive meteorites,Chondrites,Ordinary Chondrite
C3.0-ung,Unknown,Unknown,Unknown
LL4/6,Primitive meteorites,Chondrites,Ordinary Chondrite
Martian,Differentiated meteorites,Achondrites,Martian
C4/5,Primitive meteorites,Chondrites,Carbonaceous Chondrite
Relict iron,Unknown,Unknown,Unknown
Martian (OPX),Differentiated meteorites,Achondrites,Martian
EL4/5,Primitive meteorites,Chondrites,Enstatite Chondrite
LL3.1-3.5,Primitive meteorites,Chondrites,Ordinary Chondrite
LL3.05,Primitive meteorites,Chondrites,Ordinary Chondrite
EH3/4-an,Primitive meteorites,Chondrites,Enstatite Chondrite
H3.7-6,Primitive meteorites,Chondrites,Ordinary Chondrite
H3.7/3.8,Primitive meteorites,Chondrites,Ordinary Chondrite
H3.8-4,Primitive meteorites,Chondrites,Ordinary Chondrite
H3.8-5,Primitive meteorites,Chondrites,Ordinary Chondrite
H3.8/3.9,Primitive meteorites,Chondrites,Ordinary Chondrite
E5-an,Unknown,Unknown,Unknown
H4(?),Primitive meteorites,Chondrites,Ordinary Chondrite
H4-melt breccia,Primitive meteorites,Chondrites,Ordinary Chondrite
H5-7,Primitive meteorites,Chondrites,Ordinary Chondrite
Howardite-an,Unknown,Unknown,Unknown
Impact melt breccia,Unknown,Unknown,Unknown
CV2,Primitive meteorites,Chondrites,Carbonaceous Chondrite
CR7,Primitive meteorites,Chondrites,Carbonaceous Chondrite
"Iron, IAB-sHL-an",Unknown,Unknown,Unknown
CR2-an,Primitive meteorites,Chondrites,Carbonaceous Chondrite
CR-an,Primitive meteorites,Chondrites,Carbonaceous Chondrite
"Iron, IIAB-an",Differentiated meteorites,Iron meteorites,Magmatic Iron Meteorite Groups
"Iron, IIE?",Differentiated meteorites,Iron meteorites,Non-magmatic or Primitive Iron Meteorite Groups
"Iron, IIIE-an",Differentiated meteorites,Iron meteorites,Magmatic Iron Meteorite Groups
CO3.7,Primitive meteorites,Chondrites,Carbonaceous Chondrite
K,Primitive meteorites,Chondrites,Other Chondrite Groups (not in one of the major classes)
H3.5-4,Primitive meteorites,Chondrites,Ordinary Chondrite
H3.4/3.5,Primitive meteorites,Chondrites,Ordinary Chondrite
H3.4-5,Primitive meteorites,Chondrites,Ordinary Chondrite
H/L3.6,Primitive meteorites,Chondrites,Ordinary Chondrite
EL7,Primitive meteorites,Chondrites,Enstatite Chondrite
EL3/4,Primitive meteorites,Chondrites,Enstatite Chondrite
EH7-an,Primitive meteorites,Chondrites,Enstatite Chondrite
EH7,Primitive meteorites,Chondrites,Enstatite Chondrite
EH6-an,Primitive meteorites,Chondrites,Enstatite Chondrite
H(?)4,Primitive meteorites,Chondrites,Ordinary Chondrite
H(L)3-an,Primitive meteorites,Chondrites,Ordinary Chondrite
H/L3-4,Primitive meteorites,Chondrites,Ordinary Chondrite
H/L3.5,Primitive meteorites,Chondrites,Ordinary Chondrite
H/L3.7,Primitive meteorites,Chondrites,Ordinary Chondrite
H3.2-6,Primitive meteorites,Chondrites,Ordinary Chondrite
H/L3.9,Primitive meteorites,Chondrites,Ordinary Chondrite
H/L4-5,Primitive meteorites,Chondrites,Ordinary Chondrite
H/L4/5,Primitive meteorites,Chondrites,Ordinary Chondrite
H/L6-melt rock,Primitive meteorites,Chondrites,Ordinary Chondrite
H/L~4,Primitive meteorites,Chondrites,Ordinary Chondrite
H3-an,Primitive meteorites,Chondrites,Ordinary Chondrite
H3.0-3.4,Primitive meteorites,Chondrites,Ordinary Chondrite
H3.15,Primitive meteorites,Chondrites,Ordinary Chondrite
H3.2-3.7,Primitive meteorites,Chondrites,Ordinary Chondrite
L(H)3,Primitive meteorites,Chondrites,Ordinary Chondrite
L(LL)3.5-3.7,Primitive meteorites,Chondrites,Ordinary Chondrite
L(LL)5,Primitive meteorites,Chondrites,Ordinary Chondrite
L3.9-5,Primitive meteorites,Chondrites,Ordinary Chondrite
L3.5-3.8,Primitive meteorites,Chondrites,Ordinary Chondrite
L3.5-3.9,Primitive meteorites,Chondrites,Ordinary Chondrite
L3.5-5,Primitive meteorites,Chondrites,Ordinary Chondrite
CM2-an,Primitive meteorites,Chondrites,Carbonaceous Chondrite
L3.6-4,Primitive meteorites,Chondrites,Ordinary Chondrite
L3.7-3.9,Primitive meteorites,Chondrites,Ordinary Chondrite
L3.7-4,Primitive meteorites,Chondrites,Ordinary Chondrite
L3.7-6,Primitive meteorites,Chondrites,Ordinary Chondrite
L3.7/3.8,Primitive meteorites,Chondrites,Ordinary Chondrite
L3.8-an,Primitive meteorites,Chondrites,Ordinary Chondrite
L3.9/4,Primitive meteorites,Chondrites,Ordinary Chondrite
L4-an,Primitive meteorites,Chondrites,Ordinary Chondrite
L4-melt breccia,Primitive meteorites,Chondrites,Ordinary Chondrite
L4-melt rock,Primitive meteorites,Chondrites,Ordinary Chondrite
L5-7,Primitive meteorites,Chondrites,Ordinary Chondrite
CK3/4,Primitive meteorites,Chondrites,Carbonaceous Chondrite
CK3.8,Primitive meteorites,Chondrites,Carbonaceous Chondrite
L6-melt rock,Primitive meteorites,Chondrites,Ordinary Chondrite
LL(L)3.1,Primitive meteorites,Chondrites,Ordinary Chondrite
LL3-4,Primitive meteorites,Chondrites,Ordinary Chondrite
LL3.00,Primitive meteorites,Chondrites,Ordinary Chondrite
L3.5-3.7,Primitive meteorites,Chondrites,Ordinary Chondrite
L3.4-3.7,Primitive meteorites,Chondrites,Ordinary Chondrite
L(LL)6,Primitive meteorites,Chondrites,Ordinary Chondrite
L/LL5-6,Primitive meteorites,Chondrites,Ordinary Chondrite
L(LL)~4,Primitive meteorites,Chondrites,Ordinary Chondrite
L/LL,Primitive meteorites,Chondrites,Ordinary Chondrite
L/LL(?)3,Primitive meteorites,Chondrites,Ordinary Chondrite
L/LL-melt rock,Primitive meteorites,Chondrites,Ordinary Chondrite
L/LL3-6,Primitive meteorites,Chondrites,Ordinary Chondrite
L/LL3.10,Primitive meteorites,Chondrites,Ordinary Chondrite
L/LL3.5,Primitive meteorites,Chondrites,Ordinary Chondrite
L/LL3.6/3.7,Primitive meteorites,Chondrites,Ordinary Chondrite
L/LL4-6,Primitive meteorites,Chondrites,Ordinary Chondrite
L/LL4/5,Primitive meteorites,Chondrites,Ordinary Chondrite
L/LL6-an,Primitive meteorites,Chondrites,Ordinary Chondrite
L3.3-3.7,Primitive meteorites,Chondrites,Ordinary Chondrite
L/LL~4,Primitive meteorites,Chondrites,Ordinary Chondrite
L3-melt breccia,Primitive meteorites,Chondrites,Ordinary Chondrite
L3.0-3.7,Primitive meteorites,Chondrites,Ordinary Chondrite
L3.0-3.9,Primitive meteorites,Chondrites,Ordinary Chondrite
L3.00,Primitive meteorites,Chondrites,Ordinary Chondrite
L3.10,Primitive meteorites,Chondrites,Ordinary Chondrite
L3.2-3.5,Primitive meteorites,Chondrites,Ordinary Chondrite
L3.2-3.6,Primitive meteorites,Chondrites,Ordinary Chondrite
L3.3-3.5,Primitive meteorites,Chondrites,Ordinary Chondrite
L3.3-3.6,Primitive meteorites,Chondrites,Ordinary Chondrite
L3-7,Primitive meteorites,Chondrites,Ordinary Chondrite
